Nume;Numar;Adresa MAC
Ion Popescu;0040737774955;00::11::22::33::44::55
Popescu;0040839476736;11::22::33::44::55::66
Popa;0040735958333;11::22::44::55::66::77
Ionel Ionel;0040735458333;11::44::22::33::55::66
Ionescu Irinel;0040748448488;22::11::22::33::44::55
Florin;0040722222222;11::22::33::44::55::66
Iona;0040859767578;11::23::44::55::66::77
Corina;0040798327984;1a::22::33::44::55::66
Florentina;0040788888888;11::00::11::00::22::33
Daniel;0040755555555;11::00::22::00::33::00
Popescu Pop;0040788888888;11::00::22::33::44::55
Dica Ionela;0040735459333;00::00::00::00::00::00
Daniel;0040755555555;11::00::22::00::33::00
